review_id,review_text,date
1,"This product completely exceeded my expectations. The build quality is exceptional and it works flawlessly.",2024-01-15
2,"Terrible experience. Broke within 2 days of use and customer service was unhelpful.",2024-01-14
3,"It's decent for the price. Not amazing but gets the job done. Shipping was fast.",2024-01-13
4,"Absolutely love it! Best purchase I've made this year. Highly recommend to everyone.",2024-01-12
5,"Waste of money. Poor quality materials and doesn't work as advertised.",2024-01-11
6,"Good product overall. Some minor issues with setup but works well now.",2024-01-10
7,"Average product. Nothing special but not bad either. Fair price.",2024-01-09
8,"Horrible quality control. Scratches all over the surface right out of the box.",2024-01-08
9,"Fantastic! Easy to use and exactly what I needed. Five stars!",2024-01-07
10,"Disappointed. Much smaller than expected and feels cheap.",2024-01-06
11,"Great value for money. Performs better than more expensive alternatives.",2024-01-05
12,"So-so experience. Works fine but battery life is shorter than claimed.",2024-01-04
13,"Excellent customer service saved this purchase. Had an issue but they resolved it quickly.",2024-01-03
14,"Complete garbage. Fell apart after first use. Avoid at all costs.",2024-01-02
15,"Solid product. Does exactly what it says on the tin. No complaints.",2024-01-01
16,"Not impressed. Overpriced for what you get. Better options available.",2024-12-31
17,"Perfect for my needs. Lightweight, durable, and stylish design.",2024-12-30
18,"Mediocre at best. Functions okay but lacks advanced features competitors offer.",2024-12-29
19,"Love the design and functionality. My friends all want one now!",2024-12-28
20,"Defective unit received. Waiting for replacement but frustrated with delay.",2024-12-27
21,"Outstanding quality and performance. Worth every penny spent.",2024-12-26
22,"Below average. Instructions were unclear and assembly was difficult.",2024-12-25
23,"Does the job. Not exciting but reliable and consistent performance.",2024-12-24
24,"Amazing features and intuitive interface. Can't imagine life without it now.",2024-12-23
25,"Regret this purchase. Stopped working after warranty expired.",2024-12-22
26,"Very satisfied. Exceeded specifications and arrived ahead of schedule.",2024-12-21
27,"Mixed feelings. Good concept but execution could be better.",2024-12-20
28,"Superb build quality and attention to detail. Premium feel throughout.",2024-12-19
29,"Unreliable. Works intermittently and requires constant troubleshooting.",2024-12-18
30,"Fair product for casual users. Professionals might want more advanced options.",2024-12-17
31,"Incredible durability. Survived drops and water exposure without issues.",2024-12-16
32,"Poor packaging caused damage during shipping. Product itself seems okay.",2024-12-15
33,"Life-changing product. Solved problems I didn't know I had.",2024-12-14
34,"Underwhelming performance. Marketing was better than the actual product.",2024-12-13
35,"Reliable workhorse. Been using daily for months without issues.",2024-12-12
36,"Too complicated for everyday use. Steep learning curve required.",2024-12-11
37,"Standard quality. Matches expectations for this price range.",2024-12-10
38,"Brilliant innovation. The smart features actually work as promised.",2024-12-09
39,"Cheap plastic construction. Feels like it won't last long.",2024-12-08
40,"Happy with purchase. Good balance of features and affordability.",2024-12-07
41,"Neutral experience. Neither impressed nor disappointed. It just works.",2024-12-06
42,"Game changer for my workflow. Productivity increased significantly.",2024-12-05
43,"False advertising. Missing features that were shown in promotional materials.",2024-12-04
44,"Pleasantly surprised. Better than reviews suggested it would be.",2024-12-03
45,"Adequate for basic tasks. Struggles with more demanding applications.",2024-12-02
46,"Top notch quality. Clearly made with premium materials and craftsmanship.",2024-12-01
47,"Disappointing battery performance. Needs charging twice daily.",2024-11-30
48,"Consistent and dependable. Exactly what I expected from this brand.",2024-11-29
49,"Nothing special. Comparable to generic store brands at higher price.",2024-11-28
50,"Exceptional value. Outperforms competitors costing twice as much.",2024-11-27